Agency Name,Metro Area,28-Mar,27-Mar,26-Mar,25-Mar,24-Mar,23-Mar,22-Mar,21-Mar,20-Mar,19-Mar,18-Mar,17-Mar,16-Mar,15-Mar,14-Mar,13-Mar,12-Mar,11-Mar,10-Mar,9-Mar,8-Mar,7-Mar,6-Mar,5-Mar,4-Mar,3-Mar,2-Mar,1-Mar,29-Feb,28-Feb,27-Feb,26-Feb,25-Feb,24-Feb,23-Feb,22-Feb,21-Feb,20-Feb,19-Feb,18-Feb,17-Feb,16-Feb,15-Feb
AC Transit,"SF Bay Area, USUnited StatesCalifornia",-80%,-85%,-86%,-86%,-85%,-85%,-81%,-81%,-84%,-85%,-85%,-81%,-66%,-50%,-48%,-40%,-38%,-33%,-28%,-19%,-11%,-17%,-9%,-10%,-9%,-6%,-3%,-2%,1%,4%,-1%,1%,-1%,11%,1%,3%,0%,-5%,-6%,-6%,-28%,-6%,2%
Adelaide Metro,"Adelaide, AUAustraliaSouth Australia",-79%,-74%,-72%,-69%,-67%,-61%,-47%,-39%,-40%,-40%,-35%,-32%,-12%,0%,-25%,-17%,-10%,-11%,-10%,-23%,-40%,-17%,-16%,-7%,-10%,-1%,5%,13%,-14%,-7%,-13%,-9%,-6%,-5%,-1%,-10%,-2%,3%,1%,3%,-3%,-1%,-11%
Airdrie Transit,"Calgary, CANCanadaAlberta",-83%,-89%,-88%,-87%,-86%,-83%,-75%,-75%,-80%,-80%,-78%,-72%,-65%,-48%,-47%,-41%,-33%,-30%,-25%,-21%,-14%,-10%,-10%,-12%,-15%,-15%,-8%,3%,7%,-2%,-5%,-3%,1%,8%,8%,16%,6%,-7%,-11%,-23%,-24%,8%,11%
All Cities,,-72%,-74%,-74%,-74%,-70%,-71%,-64%,-64%,-65%,-63%,-60%,-56%,-46%,-31%,-30%,-26%,-17%,-10%,-10%,-2%,-5%,-3%,-4%,-3%,-1%,-2%,1%,1%,0%,1%,-1%,3%,1%,10%,1%,0%,-5%,-5%,1%,-1%,-12%,2%,-3%
ART,"Los Angeles, USUnited StatesCalifornia",-68%,-63%,-63%,-59%,-52%,-55%,-61%,-55%,-63%,-69%,-58%,-58%,-54%,-45%,-34%,-36%,-18%,2%,-18%,-4%,-5%,6%,-3%,2%,8%,2%,-8%,-13%,6%,-3%,3%,17%,-2%,-5%,-7%,-3%,9%,16%,13%,-1%,-26%,6%,-6%
Barrie Transit,"Barrie, CANCanadaOntario",-78%,-82%,-84%,-79%,-73%,-77%,-68%,-53%,-72%,-67%,-67%,-62%,-53%,-40%,-25%,-16%,-5%,2%,7%,0%,-13%,-1%,9%,18%,8%,10%,25%,0%,2%,-29%,-21%,-18%,-19%,14%,1%,7%,2%,22%,9%,39%,-17%,-2%,0%
BART,"SF Bay Area, USUnited StatesCalifornia",-80%,-85%,-86%,-87%,-85%,-84%,-82%,-82%,-83%,-85%,-85%,-80%,-66%,-53%,-52%,-43%,-40%,-35%,-29%,-24%,-17%,-18%,-12%,-12%,-8%,-9%,-10%,-5%,0%,1%,-1%,1%,1%,2%,0%,4%,1%,-4%,-1%,-5%,-13%,-3%,5%
BC Transit,"Central Fraser Valley, CANCanadaBritish Columbia",-72%,-79%,-79%,-76%,-72%,-73%,-66%,-68%,-61%,-62%,-53%,-44%,-36%,-35%,-31%,-15%,-1%,-4%,-9%,-7%,-14%,-14%,-3%,4%,6%,-6%,-12%,-5%,-2%,5%,12%,17%,6%,-6%,-17%,-11%,-12%,-4%,9%,18%,-14%,-3%,-6%
BC Transit,"Cowichan Valley, CANCanadaBritish Columbia",-84%,-84%,-83%,-82%,-80%,-74%,-79%,-66%,-65%,-61%,-55%,-41%,-37%,-27%,-17%,-15%,-16%,-9%,-10%,-9%,-8%,2%,-4%,-6%,2%,-1%,-10%,-6%,11%,5%,4%,-5%,3%,6%,-10%,15%,-3%,-7%,9%,-9%,-34%,0%,18%
BC Transit,"Kamloops, CANCanadaBritish Columbia",-73%,-78%,-80%,-77%,-78%,-72%,-66%,-62%,-62%,-59%,-53%,-46%,-37%,-18%,-23%,-9%,-8%,-3%,1%,-5%,-7%,-5%,-3%,2%,-1%,4%,-2%,3%,2%,7%,3%,9%,8%,6%,-9%,-7%,-14%,-19%,-17%,-17%,-18%,5%,-3%
BC Transit,"Kelowna, CANCanadaBritish Columbia",-75%,-80%,-80%,-78%,-76%,-73%,-68%,-65%,-66%,-60%,-55%,-47%,-33%,-23%,-19%,-16%,-9%,-11%,-9%,-8%,-14%,-9%,-7%,-9%,-8%,-4%,-1%,3%,3%,-1%,5%,3%,-1%,0%,-5%,-2%,-10%,-9%,-11%,-10%,-21%,10%,5%
BC Transit,"Nanaimo, CANCanadaBritish Columbia",-77%,-77%,-74%,-73%,-75%,-72%,-67%,-64%,-61%,-57%,-50%,-34%,-24%,-3%,-8%,-6%,1%,1%,-1%,4%,-1%,-1%,6%,9%,10%,0%,-2%,0%,-5%,-3%,-2%,-6%,-8%,6%,0%,-3%,1%,4%,12%,10%,-3%,4%,-5%
BC Transit,"Victoria, CANCanadaBritish Columbia",-83%,-82%,-82%,-80%,-80%,-76%,-76%,-70%,-66%,-60%,-52%,-44%,-31%,-23%,-22%,-10%,-4%,1%,0%,-2%,-10%,-10%,2%,5%,9%,6%,4%,0%,2%,8%,10%,11%,7%,10%,-8%,-4%,-12%,-12%,-4%,8%,-20%,-6%,-1%
BC Transit,"Whistler, CANCanadaBritish Columbia",-84%,-72%,-79%,-78%,-77%,-75%,-72%,-66%,-58%,-55%,-47%,-30%,-22%,-13%,-7%,-2%,-2%,0%,-3%,-8%,-6%,0%,7%,6%,-1%,-1%,-2%,7%,-1%,-1%,-5%,2%,-3%,1%,6%,6%,6%,3%,2%,5%,3%,0%,-1%
Beach Cities Transit,"Los Angeles, USUnited StatesCalifornia",-75%,-76%,-75%,-71%,-72%,-69%,-65%,-65%,-65%,-62%,-54%,-60%,-55%,-23%,-32%,-41%,-27%,-9%,-23%,-8%,5%,13%,-6%,-4%,5%,6%,-8%,12%,19%,3%,-3%,9%,3%,3%,4%,5%,-3%,4%,5%,-7%,-5%,6%,-1%
Bee-Line,"NYC, USUnited StatesNew York",-64%,-69%,-68%,-66%,-63%,-67%,-49%,-54%,-58%,-55%,-51%,-54%,-47%,-30%,-33%,-28%,-22%,-13%,-10%,7%,-7%,-5%,-4%,-3%,0%,-2%,10%,0%,-1%,3%,3%,7%,6%,20%,0%,-3%,-11%,-7%,-4%,-12%,-15%,-3%,-9%
Big Blue Bus,"Los Angeles, USUnited StatesCalifornia",-73%,-77%,-79%,-77%,-76%,-77%,-71%,-72%,-73%,-72%,-69%,-69%,-61%,-34%,-40%,-44%,-27%,-16%,-27%,-7%,4%,2%,-7%,-1%,1%,2%,-4%,11%,8%,-3%,-3%,5%,2%,10%,0%,5%,1%,3%,2%,2%,-27%,6%,0%
Brampton Transit,"Toronto, CANCanadaOntario",-77%,-78%,-76%,-75%,-66%,-64%,-58%,-60%,-65%,-63%,-61%,-57%,-49%,-29%,-29%,-23%,-12%,-9%,-9%,-5%,-1%,-1%,-5%,-3%,3%,0%,3%,3%,-4%,-10%,-13%,-7%,-3%,19%,13%,7%,-4%,-6%,1%,20%,-36%,8%,0%
Brockton Area Transit,"Boston, USUnited StatesMassachusetts",-70%,-72%,-71%,-70%,-64%,-63%,-56%,-55%,-54%,-56%,-43%,-43%,-24%,-22%,-26%,-18%,-6%,1%,0%,16%,6%,14%,-7%,4%,-2%,-2%,6%,16%,13%,-1%,2%,4%,10%,23%,8%,15%,-18%,-9%,-10%,-13%,-11%,0%,0%
Broward County Transit,"Miami, USUnited StatesFlorida",-60%,-51%,-47%,-51%,-50%,-48%,-49%,-50%,-44%,-48%,-42%,-32%,-28%,-19%,-16%,-11%,-12%,-7%,-1%,-6%,-9%,-6%,1%,2%,8%,10%,-1%,2%,-1%,-2%,-1%,3%,7%,1%,-3%,-6%,-2%,3%,8%,5%,-2%,-9%,-9%
Burlington Transit,"Toronto, CANCanadaOntario",-75%,-80%,-78%,-76%,-72%,-68%,-65%,-66%,-68%,-65%,-64%,-58%,-48%,-33%,-35%,-23%,-17%,-10%,-13%,-7%,-9%,-8%,-8%,-2%,3%,1%,2%,-1%,-10%,-9%,-7%,0%,1%,21%,4%,-1%,-10%,-7%,5%,16%,-21%,-2%,-6%
Busit,"Hamilton, New ZealandNew ZealandWaikato",-90%,-92%,-93%,-92%,-83%,-69%,-39%,-40%,-29%,-32%,-22%,-4%,-9%,-6%,-1%,1%,-3%,-3%,1%,-1%,-6%,0%,5%,-2%,-2%,4%,3%,2%,11%,-1%,-5%,-1%,4%,1%,0%,10%,-6%,0%,0%,0%,4%,2%,-2%
Calgary Transit,"Calgary, CANCanadaAlberta",-75%,-83%,-82%,-81%,-81%,-77%,-66%,-67%,-74%,-74%,-71%,-65%,-58%,-32%,-39%,-25%,-16%,-10%,-9%,-7%,-1%,-2%,1%,-5%,-3%,-6%,-6%,9%,10%,3%,-2%,-1%,-1%,16%,8%,16%,1%,-11%,-15%,-14%,-40%,15%,15%
Caltrain,"SF Bay Area, USUnited StatesCalifornia",-78%,-72%,-74%,-79%,-80%,-80%,-76%,-77%,-80%,-82%,-82%,-76%,-64%,-50%,-49%,-40%,-38%,-35%,-27%,-24%,-18%,-19%,-15%,-10%,-2%,-4%,-3%,-3%,-1%,2%,5%,10%,5%,-4%,-3%,8%,-11%,-4%,-3%,-2%,-21%,0%,4%
Canada,,-79%,-83%,-82%,-81%,-77%,-75%,-69%,-69%,-72%,-69%,-66%,-61%,-51%,-32%,-31%,-25%,-10%,-6%,-5%,-2%,-4%,-2%,-4%,-3%,-1%,-1%,0%,5%,1%,-1%,-5%,0%,1%,12%,4%,3%,-5%,-8%,1%,3%,-21%,6%,1%
Capital Metro,"Austin, USUnited StatesTexas",-77%,-76%,-80%,-71%,-70%,-70%,-56%,-64%,-73%,-70%,-58%,-59%,-53%,-26%,-32%,-38%,-15%,-5%,-2%,5%,-2%,-12%,-14%,-8%,-10%,-4%,-3%,0%,-6%,-4%,-2%,4%,0%,4%,4%,5%,-1%,-3%,-2%,-1%,-9%,21%,0%
Capitol Corridor,"SF Bay Area, USUnited StatesCalifornia",-83%,-79%,-80%,-84%,-83%,-83%,-82%,-82%,-80%,-84%,-83%,-78%,-63%,-54%,-50%,-38%,-42%,-34%,-26%,-21%,-13%,-17%,-9%,-13%,-8%,-4%,-9%,1%,5%,4%,4%,2%,0%,-11%,-5%,5%,-1%,5%,3%,-1%,-3%,2%,12%
CARTA,"Charleston, USUnited StatesSouth Carolina",-59%,-65%,-63%,-65%,-61%,-50%,-45%,-55%,-53%,-48%,-42%,-37%,-39%,-4%,-17%,-6%,-10%,-2%,-4%,-2%,-6%,-8%,-4%,-12%,-11%,-11%,-10%,-4%,3%,0%,0%,2%,-5%,-4%,-4%,4%,5%,1%,0%,-4%,-5%,0%,5%
CDTA,"Albany, USUnited StatesNew York",-80%,-75%,-81%,-80%,-77%,-75%,-74%,-71%,-74%,-70%,-73%,-64%,-56%,-38%,-32%,-23%,-11%,-1%,0%,17%,9%,17%,10%,-13%,-11%,-9%,-7%,6%,2%,2%,-5%,-2%,-2%,5%,8%,2%,-5%,-13%,-5%,4%,14%,7%,-1%
City of Seattle,"Seattle, USUnited StatesWashington",-77%,-83%,-86%,-81%,-75%,-79%,-79%,-75%,-74%,-77%,-76%,-73%,-69%,-56%,-56%,-56%,-55%,-50%,-46%,-44%,-43%,-37%,-38%,-29%,-24%,-14%,-14%,-6%,0%,-1%,3%,-7%,-4%,-12%,-3%,1%,0%,0%,-6%,2%,-16%,10%,14%
Community Transit,"Seattle, USUnited StatesWashington",-72%,-82%,-83%,-80%,-73%,-70%,-70%,-65%,-71%,-75%,-72%,-70%,-62%,-54%,-52%,-56%,-51%,-46%,-45%,-39%,-39%,-38%,-34%,-28%,-19%,-12%,-8%,-12%,-9%,1%,1%,-4%,-3%,2%,-15%,-8%,4%,3%,1%,6%,-11%,-1%,10%
COTA,"Columbus, USUnited StatesOhio",-46%,-63%,-64%,-60%,-62%,-54%,-38%,-38%,-54%,-51%,-52%,-50%,-38%,-23%,-25%,-23%,-21%,-14%,-12%,-8%,2%,-2%,-3%,6%,7%,5%,2%,8%,1%,-3%,-4%,0%,1%,5%,9%,3%,-4%,-2%,0%,-5%,-10%,-2%,2%
County Connection,"SF Bay Area, USUnited StatesCalifornia",-69%,-74%,-75%,-80%,-78%,-81%,-74%,-71%,-77%,-81%,-81%,-75%,-67%,-50%,-44%,-37%,-35%,-27%,-22%,-17%,-5%,-18%,-19%,-12%,-4%,-15%,-14%,-1%,3%,-3%,-12%,-1%,3%,14%,4%,18%,-3%,-2%,1%,4%,-27%,1%,9%
CTA,"Chicago, USUnited StatesIllinois",-79%,-81%,-81%,-81%,-79%,-81%,-73%,-73%,-74%,-73%,-72%,-67%,-54%,-39%,-38%,-29%,-23%,-15%,-9%,-6%,-5%,-7%,-6%,-8%,-8%,-6%,-6%,1%,7%,0%,-2%,-4%,-2%,3%,3%,5%,1%,-3%,-3%,-1%,-14%,5%,3%
C-TRAN,"Vancouver, USUnited StatesWashington",-72%,-73%,-77%,-73%,-66%,-58%,-53%,-51%,-59%,-52%,-45%,-54%,-45%,-38%,-35%,-22%,-11%,-9%,-8%,-15%,-13%,-10%,1%,12%,6%,-8%,-8%,2%,0%,6%,10%,-1%,2%,-5%,-16%,2%,5%,7%,-1%,-11%,-14%,-6%,-14%
CTS,"Strasbourg, FRFranceGrand-Est",-87%,-87%,-85%,-86%,-84%,-79%,-83%,-82%,-81%,-83%,-79%,-77%,-57%,-35%,-31%,-21%,-11%,-10%,-20%,0%,-5%,-4%,0%,-8%,-4%,-2%,-2%,-8%,-6%,-16%,-19%,-14%,-17%,-13%,5%,-1%,-5%,1%,3%,7%,-2%,13%,12%
CTTransit Hartford,"Connecticut, USUnited StatesConnecticut",-53%,-61%,-63%,-63%,-61%,-61%,-36%,-47%,-50%,-56%,-51%,-47%,-37%,-12%,-21%,-26%,-14%,-3%,-1%,11%,3%,-3%,2%,5%,5%,7%,15%,7%,-1%,2%,0%,-1%,-1%,22%,6%,0%,-5%,-2%,9%,8%,-8%,4%,-8%
CTTransit New Britain,"Connecticut, USUnited StatesConnecticut",-70%,-67%,-70%,-67%,-65%,-71%,-47%,-57%,-56%,-58%,-54%,-47%,-41%,-23%,-24%,-35%,-20%,-1%,3%,11%,4%,17%,11%,1%,7%,5%,10%,14%,7%,9%,1%,-2%,-4%,24%,15%,-3%,-2%,2%,8%,12%,-12%,5%,-12%
CTTransit New Haven,"Connecticut, USUnited StatesConnecticut",-53%,-61%,-65%,-65%,-61%,-65%,-40%,-43%,-51%,-56%,-53%,-51%,-38%,-13%,-15%,-32%,-15%,-9%,-8%,12%,-7%,-2%,-8%,4%,0%,4%,17%,7%,-3%,-3%,0%,0%,-5%,27%,-3%,0%,-12%,-7%,2%,7%,-7%,13%,-7%
CTTransit Stamford,"Connecticut, USUnited StatesConnecticut",-57%,-64%,-70%,-66%,-60%,-68%,-60%,-56%,-60%,-55%,-54%,-46%,-37%,-34%,-29%,-20%,-19%,-11%,-11%,1%,9%,1%,2%,-2%,1%,9%,9%,7%,-3%,0%,0%,-1%,-8%,1%,6%,4%,-7%,-7%,6%,18%,13%,2%,0%
Culver CityBus,"Los Angeles, USUnited StatesCalifornia",-74%,-79%,-79%,-78%,-77%,-78%,-75%,-74%,-73%,-72%,-70%,-70%,-63%,-42%,-43%,-44%,-29%,-18%,-25%,-11%,-4%,3%,-8%,0%,2%,4%,-5%,4%,9%,-2%,-2%,6%,4%,8%,-8%,7%,1%,3%,5%,1%,-24%,2%,0%
DART,"Dallas, USUnited StatesTexas",-48%,-58%,-63%,-55%,-53%,-54%,-42%,-42%,-48%,-49%,-38%,-32%,-21%,-14%,-18%,-21%,-16%,-2%,-3%,-4%,-8%,9%,-5%,5%,-4%,15%,-2%,14%,16%,1%,-1%,-1%,-4%,2%,-3%,7%,-3%,-4%,-4%,-2%,-14%,9%,11%
DC Circulator,"Washington D.C., USUnited StatesDistrict of Columbia",-66%,-65%,-67%,-64%,-56%,-62%,-58%,-51%,-43%,-40%,-28%,-29%,-23%,-35%,-31%,-25%,-20%,-11%,-9%,-4%,0%,-5%,-3%,0%,-1%,-6%,-3%,-1%,-4%,3%,5%,8%,-1%,-4%,-4%,-1%,-7%,-4%,4%,-10%,-11%,-3%,-6%
DDOT,"Detroit, USUnited StatesMichigan",-58%,-58%,-58%,-56%,-59%,-50%,-43%,-43%,-47%,-47%,-52%,-60%,-37%,-13%,-13%,-15%,-9%,-4%,-10%,-1%,5%,8%,-2%,3%,6%,8%,4%,11%,2%,1%,-15%,-12%,1%,9%,12%,7%,-6%,-8%,-3%,8%,0%,9%,-1%
Durham Region Transit,"Durham, CANCanadaOntario",-75%,-82%,-82%,-81%,-76%,-72%,-60%,-61%,-71%,-66%,-67%,-65%,-53%,-27%,-29%,-36%,-12%,-6%,-8%,0%,0%,-1%,-3%,-4%,0%,-3%,3%,3%,-2%,-10%,-15%,-11%,-8%,11%,8%,3%,-4%,-5%,1%,22%,-39%,9%,-3%
Edmonton Transit,"Edmonton, CANCanadaAlberta",-76%,-82%,-81%,-81%,-79%,-78%,-67%,-67%,-69%,-67%,-59%,-46%,-56%,-37%,-34%,-26%,-6%,-4%,-1%,2%,-7%,-9%,1%,3%,1%,2%,6%,5%,-2%,-7%,-4%,4%,7%,24%,1%,5%,2%,0%,-3%,-19%,-41%,7%,1%
exo - Trains,"Montréal, CANCanadaQuebec",-86%,-89%,-88%,-86%,-83%,-81%,-75%,-77%,-80%,-76%,-74%,-69%,-60%,-44%,-40%,-35%,-9%,-2%,-1%,3%,-1%,0%,-7%,-3%,-1%,-1%,0%,8%,1%,5%,0%,5%,5%,3%,-1%,-1%,-1%,-5%,19%,6%,7%,3%,-3%
Fairfax Connector,"Washington D.C., USUnited StatesVirginia",-53%,-50%,-49%,-55%,-45%,-49%,-46%,-41%,-32%,-23%,-15%,-21%,-15%,-23%,-15%,-16%,-9%,-9%,-9%,-6%,-5%,-1%,-2%,-3%,2%,-3%,-3%,0%,-3%,2%,-2%,10%,-8%,-2%,-1%,-3%,-1%,0%,8%,-3%,-2%,-1%,-2%
Foothill Transit,"Los Angeles, USUnited StatesCalifornia",-71%,-73%,-74%,-71%,-69%,-70%,-64%,-65%,-67%,-67%,-63%,-64%,-55%,-39%,-42%,-41%,-26%,-7%,-18%,-6%,-8%,3%,-3%,2%,11%,7%,0%,0%,10%,0%,4%,14%,7%,4%,-8%,2%,4%,6%,6%,-5%,-22%,-3%,-2%
France,,-81%,-79%,-76%,-77%,-72%,-72%,-78%,-77%,-74%,-72%,-73%,-61%,-39%,-31%,-24%,-10%,-7%,-3%,-3%,-2%,-8%,0%,5%,3%,5%,12%,10%,-6%,5%,10%,7%,7%,10%,9%,-1%,-4%,-6%,-2%,-6%,1%,1%,1%,-6%
GCRTA,"Cleveland, USUnited StatesOhio",-62%,-67%,-67%,-69%,-70%,-63%,-47%,-50%,-57%,-55%,-53%,-53%,-45%,-22%,-24%,-18%,-11%,-8%,-11%,-4%,-3%,-3%,1%,6%,1%,-1%,3%,1%,-4%,-7%,-8%,0%,-1%,10%,0%,-1%,0%,-1%,2%,7%,-19%,-3%,-7%
Glendale Beeline,"Los Angeles, USUnited StatesCalifornia",-75%,-77%,-77%,-75%,-74%,-77%,-76%,-73%,-70%,-67%,-63%,-65%,-59%,-39%,-45%,-39%,-29%,-1%,-18%,-2%,0%,10%,2%,5%,9%,4%,-7%,-11%,8%,-9%,8%,5%,7%,-1%,-16%,-3%,1%,26%,9%,10%,-23%,-3%,1%
GO Transit,"Toronto, CANCanadaOntario",-78%,-82%,-80%,-79%,-73%,-71%,-66%,-68%,-72%,-70%,-68%,-63%,-52%,-32%,-32%,-28%,-14%,-10%,-10%,-5%,-1%,0%,-7%,-2%,0%,0%,2%,7%,-1%,-11%,-11%,-7%,0%,16%,14%,8%,-5%,-8%,-1%,12%,-29%,10%,-2%
Golden Gate Transit,"SF Bay Area, USUnited StatesCalifornia",-83%,-89%,-90%,-89%,-88%,-88%,-83%,-86%,-87%,-88%,-87%,-83%,-67%,-59%,-58%,-46%,-42%,-36%,-31%,-28%,-29%,-27%,-18%,-14%,-9%,-4%,1%,-7%,-3%,3%,-3%,1%,10%,16%,-5%,-8%,-2%,-7%,-3%,-5%,-21%,-2%,-3%
Greater Dayton RTA,"Dayton, USUnited StatesOhio",-50%,-57%,-55%,-57%,-53%,-45%,-33%,-38%,-36%,-45%,-35%,-29%,-25%,-10%,-24%,-15%,-12%,-5%,-8%,-2%,1%,-2%,-8%,-2%,-7%,2%,-6%,8%,-5%,-7%,-19%,1%,-5%,9%,6%,1%,-7%,-1%,4%,2%,-3%,11%,4%
Greater Portland Metro Bus,"Portland, USUnited StatesMaine",-74%,-82%,-81%,-80%,-77%,-76%,-61%,-62%,-68%,-71%,-68%,-66%,-58%,-20%,-11%,-25%,-10%,1%,-10%,5%,-10%,-2%,-7%,-1%,-5%,1%,14%,5%,2%,3%,-7%,6%,8%,41%,-13%,10%,-15%,-12%,8%,-15%,-23%,-4%,0%
GTrans,"Los Angeles, USUnited StatesCalifornia",-66%,-66%,-69%,-67%,-65%,-65%,-63%,-62%,-59%,-57%,-53%,-59%,-51%,-35%,-38%,-37%,-24%,-5%,-17%,-14%,-29%,-1%,2%,8%,16%,10%,-7%,-25%,7%,4%,6%,13%,6%,2%,-29%,4%,4%,9%,10%,-3%,-32%,-27%,0%
Halifax Transit,"Halifax, CANCanadaNova Scotia",-87%,-88%,-88%,-85%,-85%,-76%,-76%,-73%,-74%,-72%,-68%,-60%,-51%,-28%,-23%,-17%,-12%,-9%,-11%,2%,-7%,-20%,-6%,-8%,-6%,-9%,4%,3%,-3%,-1%,-6%,0%,-3%,25%,-2%,-4%,-11%,-12%,12%,-5%,-38%,1%,-2%
Hamilton Street Railway,"Toronto, CANCanadaOntario",-74%,-79%,-79%,-78%,-73%,-70%,-63%,-63%,-69%,-65%,-65%,-60%,-51%,-31%,-32%,-21%,-9%,-7%,-6%,-3%,-7%,-4%,-6%,0%,12%,2%,3%,0%,-2%,-2%,-1%,12%,5%,21%,0%,-3%,-19%,-15%,-6%,4%,-41%,-5%,-5%
Hartford Line,"Connecticut, USUnited StatesConnecticut",-62%,-64%,-67%,-66%,-57%,-57%,-39%,-49%,-51%,-56%,-45%,-47%,-33%,-5%,-18%,-30%,-14%,-2%,0%,4%,-2%,4%,5%,0%,3%,10%,14%,13%,12%,9%,-1%,-7%,4%,12%,4%,1%,-9%,0%,5%,7%,-3%,15%,-2%
HRT,"Hampton, USUnited StatesVirginia",-48%,-39%,-37%,-45%,-36%,-42%,-26%,-33%,-32%,-29%,-13%,-19%,-17%,-15%,3%,0%,-4%,6%,-3%,1%,-13%,8%,-3%,1%,12%,0%,7%,-8%,14%,19%,-2%,7%,-13%,1%,5%,5%,-16%,-15%,6%,0%,0%,-4%,22%
IDF Mobilités - Bus,"Paris, FRFranceÎle-de-France",-81%,-79%,-76%,-77%,-72%,-72%,-79%,-77%,-74%,-71%,-72%,-60%,-37%,-30%,-22%,-5%,-4%,0%,0%,2%,-8%,3%,11%,8%,10%,16%,14%,-6%,9%,17%,14%,13%,13%,12%,-3%,-4%,-6%,-2%,-7%,-2%,-3%,0%,-7%
IDF Mobilités - RER & Transiliens,"Paris, FRFranceÎle-de-France",-82%,-80%,-77%,-78%,-73%,-73%,-79%,-78%,-75%,-73%,-73%,-60%,-38%,-32%,-25%,-11%,-9%,-5%,-6%,-6%,-11%,-1%,5%,2%,6%,17%,17%,-9%,6%,11%,6%,6%,13%,17%,-3%,-5%,-8%,-4%,-7%,3%,8%,-2%,-10%
IDF Mobilités - Tramways,"Paris, FRFranceÎle-de-France",-76%,-72%,-69%,-69%,-64%,-66%,-74%,-71%,-66%,-63%,-66%,-53%,-29%,-23%,-19%,-6%,-7%,-1%,1%,2%,-4%,2%,7%,3%,8%,12%,5%,1%,9%,12%,9%,7%,7%,4%,4%,1%,-2%,0%,-3%,0%,-1%,1%,-4%
KCATA,"Kansas City, USUnited StatesKansas",-26%,-42%,-44%,-44%,-48%,-31%,-32%,-31%,-24%,-34%,-19%,-25%,-14%,-19%,-24%,-17%,-10%,-16%,2%,6%,3%,-12%,-9%,-7%,0%,8%,11%,8%,-1%,3%,-7%,1%,5%,13%,-7%,-1%,-7%,-12%,3%,5%,7%,11%,-2%
King County Metro,"Seattle, USUnited StatesWashington",-74%,-79%,-80%,-78%,-72%,-73%,-68%,-66%,-70%,-71%,-70%,-68%,-62%,-47%,-46%,-51%,-49%,-40%,-39%,-35%,-28%,-30%,-30%,-27%,-17%,-14%,-11%,-4%,3%,2%,0%,-1%,-1%,8%,-6%,-5%,-3%,-5%,-3%,9%,-12%,1%,6%
Kingston Transit,"Kingston, CANCanadaOntario",-86%,-91%,-89%,-89%,-88%,-88%,-82%,-85%,-94%,-92%,-88%,-77%,-47%,-27%,-29%,-20%,-10%,-5%,-5%,-5%,-3%,1%,7%,6%,9%,-2%,1%,18%,10%,10%,-10%,-9%,-1%,13%,7%,-3%,-14%,-16%,-15%,-10%,-51%,-7%,-8%
LA DOT,"Los Angeles, USUnited StatesCalifornia",-69%,-72%,-73%,-72%,-70%,-68%,-63%,-66%,-66%,-63%,-63%,-62%,-53%,-26%,-41%,-37%,-27%,-9%,-23%,-6%,7%,-1%,-7%,-3%,2%,-1%,-2%,9%,7%,-4%,-3%,7%,1%,10%,8%,2%,0%,4%,2%,-4%,-20%,11%,-2%
LA Metro - Bus,"Los Angeles, USUnited StatesCalifornia",-67%,-71%,-72%,-71%,-69%,-69%,-65%,-64%,-65%,-63%,-61%,-61%,-54%,-31%,-37%,-36%,-28%,-7%,-23%,-9%,-2%,2%,-6%,-3%,3%,0%,-4%,1%,8%,-3%,-2%,7%,-1%,8%,0%,1%,1%,6%,3%,0%,-22%,5%,-1%
LA Metro - Rail,"Los Angeles, USUnited StatesCalifornia",-70%,-74%,-75%,-74%,-72%,-72%,-68%,-68%,-69%,-67%,-65%,-65%,-56%,-38%,-41%,-40%,-26%,-11%,-21%,-9%,-2%,3%,-5%,0%,6%,3%,-6%,0%,7%,-2%,0%,8%,3%,4%,-3%,6%,2%,7%,5%,-2%,-22%,2%,1%
Las Vegas Monorail,"Las Vegas, USUnited StatesNevada",-73%,-67%,-65%,-66%,-63%,-73%,-73%,-70%,-65%,-60%,-53%,-34%,-28%,-22%,-18%,-18%,-9%,-5%,-9%,-14%,-6%,-9%,-3%,-3%,3%,-7%,-7%,-7%,-7%,-4%,2%,3%,-9%,-3%,-2%,-3%,7%,14%,3%,-7%,-6%,-3%,1%
Lignes d'Azur,"Nice, FRFranceProvence-Alpes-Côte-d’Azur",-90%,-88%,-85%,-85%,-77%,-84%,-82%,-83%,-86%,-84%,-84%,-77%,-63%,-34%,-23%,-25%,-18%,-7%,13%,0%,-3%,-9%,-8%,-11%,-8%,-11%,-10%,-7%,-10%,-11%,-13%,-20%,-10%,-2%,16%,-2%,5%,-63%,-1%,12%,13%,29%,21%
London Transit,"London, CANCanadaOntario",-82%,-88%,-88%,-87%,-84%,-84%,-75%,-76%,-79%,-78%,-75%,-68%,-58%,-38%,-39%,-26%,-9%,-4%,0%,-1%,-9%,-10%,-6%,2%,0%,5%,6%,9%,1%,10%,10%,10%,9%,30%,-7%,-17%,-25%,-29%,-25%,-10%,-52%,-15%,-13%
Long Beach Transit,"Los Angeles, USUnited StatesCalifornia",-71%,-73%,-73%,-71%,-69%,-67%,-61%,-65%,-66%,-65%,-60%,-60%,-49%,-38%,-41%,-37%,-29%,-3%,-17%,-7%,-4%,-3%,-6%,3%,12%,10%,-4%,-5%,4%,-2%,1%,13%,3%,1%,-7%,-4%,4%,10%,9%,-2%,-22%,-3%,-5%
Long Island Rail Road,"NYC, USUnited StatesNew York",-68%,-68%,-69%,-69%,-63%,-64%,-54%,-55%,-54%,-52%,-50%,-53%,-45%,-29%,-30%,-26%,-22%,-16%,-11%,2%,3%,3%,-4%,-5%,-4%,-3%,1%,1%,0%,1%,0%,1%,-2%,4%,3%,-1%,-7%,-6%,-1%,0%,5%,2%,-4%
Lynx,"Orlando, USUnited StatesFlorida",-63%,-67%,-56%,-61%,-59%,-52%,-59%,-56%,-39%,-41%,-37%,-34%,-31%,-18%,-13%,-14%,-8%,-1%,-3%,1%,-2%,4%,-10%,-3%,2%,-2%,-5%,2%,1%,-6%,0%,4%,-2%,3%,-4%,-3%,-14%,0%,4%,9%,-4%,4%,0%
Madison Metro,"Madison, USUnited StatesWisconsin",-88%,-92%,-92%,-92%,-91%,-89%,-78%,-77%,-88%,-88%,-87%,-79%,-75%,-46%,-38%,-24%,-9%,-9%,-3%,15%,14%,10%,-1%,-9%,-15%,-14%,-11%,-3%,-5%,-9%,-7%,-7%,-8%,-10%,3%,8%,0%,6%,-6%,2%,15%,6%,19%
MARTA,"Atlanta, USUnited StatesGeorgia",-61%,-52%,-51%,-59%,-55%,-60%,-50%,-46%,-43%,-42%,-44%,-41%,-35%,-28%,-22%,-17%,-12%,-10%,-12%,-6%,-6%,6%,4%,3%,-1%,1%,1%,-1%,5%,-7%,3%,4%,3%,-8%,6%,-5%,-9%,-4%,2%,8%,-3%,-6%,-1%
MBTA,"Boston, USUnited StatesMassachusetts",-74%,-79%,-79%,-79%,-74%,-74%,-64%,-65%,-66%,-69%,-61%,-57%,-43%,-31%,-33%,-33%,-24%,-15%,-14%,-3%,-2%,-1%,-7%,-5%,-6%,-6%,1%,10%,9%,-1%,1%,-2%,-3%,19%,5%,9%,-9%,-8%,-7%,-11%,-21%,6%,0%
MCTS,"Milwaukee County, USUnited StatesWisconsin",-62%,-67%,-66%,-64%,-59%,-55%,-52%,-54%,-53%,-57%,-51%,-46%,-32%,-12%,-16%,-9%,-6%,-6%,0%,0%,0%,4%,-4%,-1%,0%,-2%,0%,5%,8%,0%,-9%,-3%,-5%,13%,4%,7%,2%,-12%,1%,3%,-7%,10%,6%
MDOT MTA,"Baltimore, USUnited StatesMaryland",-54%,-53%,-54%,-57%,-55%,-58%,-39%,-43%,-44%,-42%,-39%,-39%,-37%,-18%,-14%,-23%,-9%,-8%,-8%,-2%,-3%,-6%,0%,-5%,-1%,-6%,-3%,-4%,-9%,-1%,-6%,14%,-8%,10%,3%,-4%,-6%,-4%,16%,6%,-9%,-3%,-7%
Metra,"Chicago, USUnited StatesIllinois",-78%,-76%,-77%,-76%,-74%,-72%,-63%,-65%,-66%,-67%,-66%,-60%,-44%,-30%,-30%,-21%,-18%,-7%,-2%,2%,-1%,5%,-1%,0%,-3%,2%,1%,10%,16%,1%,-3%,-4%,-2%,3%,4%,12%,1%,-5%,-3%,-6%,-11%,10%,5%
METRO,"Houston, USUnited StatesTexas",-60%,-61%,-59%,-57%,-49%,-40%,-43%,-50%,-52%,-43%,-41%,-38%,-30%,-12%,-21%,-25%,-10%,-6%,1%,-2%,-3%,-2%,3%,4%,0%,10%,7%,1%,-4%,-11%,6%,0%,10%,-2%,2%,-2%,1%,-5%,-4%,5%,-8%,7%,7%
Metro Transit,"Minneapolis-Saint Paul, USUnited StatesMinnesota",-63%,-71%,-71%,-72%,-68%,-70%,-60%,-61%,-66%,-72%,-65%,-58%,-45%,-24%,-20%,-23%,-20%,-16%,-16%,-13%,3%,-5%,-11%,-7%,-11%,-8%,-4%,4%,-2%,-10%,-8%,0%,-5%,6%,7%,0%,-4%,-10%,0%,-2%,-14%,3%,8%
Metro Transit St Louis,"St. Louis, USUnited StatesMissouri",-50%,-52%,-48%,-46%,-44%,-43%,-49%,-50%,-47%,-53%,-48%,-41%,-36%,-31%,-34%,-29%,-31%,-23%,-20%,-15%,-12%,-10%,-12%,-5%,-9%,-6%,-3%,-7%,2%,-5%,-6%,-10%,-4%,4%,6%,2%,0%,7%,-2%,-1%,-9%,3%,-4%
Metrolink,"Los Angeles, USUnited StatesCalifornia",-63%,-64%,-64%,-65%,-60%,-59%,-56%,-57%,-64%,-64%,-59%,-59%,-53%,-35%,-40%,-38%,-27%,-8%,-19%,-5%,-7%,9%,0%,2%,10%,5%,-6%,-4%,11%,1%,1%,15%,2%,-5%,-5%,3%,5%,8%,4%,-5%,-19%,3%,1%
Metro-North Railroad,"NYC, USUnited StatesConnecticut, New York",-61%,-64%,-68%,-68%,-66%,-68%,-58%,-59%,-60%,-56%,-53%,-51%,-43%,-26%,-28%,-26%,-18%,-11%,-6%,7%,-2%,-2%,-2%,-1%,1%,0%,10%,4%,1%,2%,1%,4%,1%,10%,4%,1%,-9%,-5%,-2%,-3%,2%,1%,-8%
Miami-Dade Transit,"Miami, USUnited StatesFlorida",-67%,-59%,-54%,-56%,-55%,-49%,-57%,-54%,-47%,-49%,-42%,-33%,-30%,-11%,-13%,-8%,-7%,-1%,7%,-1%,-8%,-2%,-4%,0%,5%,7%,0%,0%,2%,-2%,-6%,1%,2%,4%,2%,0%,-3%,-1%,5%,5%,-6%,-1%,-4%
MiWay,"Toronto, CANCanadaOntario",-77%,-80%,-78%,-76%,-69%,-68%,-63%,-63%,-67%,-66%,-63%,-59%,-51%,-33%,-31%,-23%,-13%,-8%,-7%,-4%,-1%,0%,-5%,-2%,0%,1%,2%,2%,-3%,-9%,-12%,-8%,1%,20%,11%,8%,-2%,-5%,1%,17%,-40%,8%,-1%
Monterey-Salinas Transit,"Monterey, USUnited StatesCalifornia",-85%,-88%,-87%,-86%,-83%,-76%,-79%,-79%,-74%,-75%,-75%,-66%,-50%,-48%,-42%,-28%,-21%,-14%,-14%,-6%,-22%,-21%,3%,4%,10%,15%,13%,-16%,-8%,2%,19%,14%,16%,6%,-17%,-11%,-5%,2%,7%,6%,-19%,-12%,-12%
Montgomery County Transit,"Washington D.C., USUnited StatesDistrict of Columbia",-66%,-63%,-62%,-68%,-55%,-56%,-42%,-42%,-36%,-29%,-31%,-31%,-21%,-23%,-19%,-13%,-10%,-5%,-7%,-1%,2%,-3%,-4%,-2%,3%,-5%,-1%,4%,0%,7%,-6%,11%,-10%,-3%,3%,1%,-7%,-7%,11%,-2%,1%,4%,-2%
MTA - Bronx Buses,"NYC, USUnited StatesNew York",-64%,-67%,-69%,-70%,-66%,-70%,-58%,-59%,-61%,-58%,-55%,-53%,-46%,-26%,-28%,-25%,-18%,-11%,-10%,9%,-4%,-4%,-2%,-2%,-1%,-3%,11%,1%,-2%,4%,3%,6%,1%,21%,2%,-1%,-13%,-9%,-6%,-8%,-12%,-1%,-8%
MTA - Brooklyn Buses,"NYC, USUnited StatesNew York",-70%,-70%,-72%,-73%,-70%,-74%,-65%,-66%,-65%,-63%,-60%,-57%,-50%,-33%,-33%,-28%,-21%,-14%,-12%,2%,-4%,-2%,-3%,-4%,-2%,-3%,5%,0%,-1%,3%,3%,4%,1%,13%,0%,-3%,-10%,-8%,-4%,-7%,-8%,-1%,-6%
MTA - Manhattan Buses,"NYC, USUnited StatesNew York",-75%,-73%,-76%,-76%,-74%,-78%,-73%,-74%,-71%,-69%,-65%,-61%,-53%,-42%,-40%,-34%,-27%,-17%,-12%,-1%,-8%,-5%,-4%,-5%,-3%,-3%,0%,-2%,-2%,0%,1%,2%,3%,10%,1%,-2%,-5%,-2%,1%,-6%,-4%,0%,-5%
MTA - NYC Bus Company,"NYC, USUnited StatesNew York",-68%,-69%,-71%,-72%,-68%,-72%,-61%,-63%,-63%,-60%,-58%,-57%,-49%,-31%,-32%,-27%,-21%,-13%,-11%,4%,-6%,-4%,-3%,-3%,-2%,-3%,6%,0%,-1%,3%,3%,5%,2%,14%,0%,-2%,-11%,-7%,-4%,-8%,-8%,-1%,-6%
MTA - NYC Subway,"NYC, USUnited StatesNew York",-72%,-72%,-74%,-75%,-72%,-75%,-66%,-68%,-67%,-65%,-62%,-58%,-49%,-32%,-33%,-28%,-21%,-13%,-11%,3%,-6%,-4%,-3%,-3%,-2%,-2%,5%,-1%,-2%,3%,3%,4%,2%,14%,-1%,-3%,-9%,-6%,-4%,-8%,-9%,-2%,-7%
MTA - Queens Buses,"NYC, USUnited StatesNew York",-71%,-72%,-74%,-74%,-70%,-72%,-61%,-64%,-65%,-61%,-59%,-57%,-48%,-31%,-32%,-28%,-22%,-13%,-10%,5%,-4%,-2%,-3%,-4%,-3%,-3%,5%,0%,-1%,2%,3%,5%,2%,11%,-1%,-3%,-10%,-7%,-3%,-7%,-5%,0%,-5%
MTA - Staten Island Buses,"NYC, USUnited StatesNew York",-75%,-73%,-75%,-76%,-74%,-78%,-71%,-71%,-69%,-67%,-65%,-61%,-53%,-39%,-38%,-34%,-24%,-15%,-11%,3%,-10%,-7%,-5%,-4%,-1%,-2%,3%,-3%,-3%,1%,2%,4%,2%,13%,-2%,-3%,-6%,-2%,0%,-3%,-4%,-4%,-8%
MTA & RTA,"Nashville, USUnited StatesTennessee",-57%,-71%,-71%,-71%,-75%,-69%,-50%,-51%,-61%,-55%,-59%,-49%,-38%,-21%,-20%,-34%,-23%,-8%,-9%,3%,-1%,-1%,-18%,-10%,-15%,-19%,-7%,-7%,25%,-2%,-2%,5%,0%,-1%,-1%,10%,1%,-5%,0%,-1%,-9%,9%,14%
MTS,"San Diego, USUnited StatesCalifornia",-76%,-78%,-79%,-79%,-76%,-74%,-66%,-67%,-69%,-68%,-66%,-57%,-46%,-26%,-35%,-27%,-28%,-15%,-23%,-4%,-7%,-4%,-7%,-10%,-4%,-4%,-5%,-6%,3%,-4%,-5%,0%,-2%,2%,0%,-5%,4%,7%,-1%,-2%,-14%,7%,4%
MUNI - SFMTA,"SF Bay Area, USUnited StatesCalifornia",-83%,-88%,-89%,-89%,-87%,-87%,-82%,-82%,-85%,-85%,-86%,-83%,-68%,-52%,-54%,-47%,-41%,-36%,-33%,-28%,-22%,-20%,-16%,-12%,-6%,-10%,-7%,-1%,-1%,2%,-1%,-2%,0%,7%,3%,3%,0%,-7%,-1%,-3%,-19%,5%,1%
NCTD,"San Diego, USUnited StatesCalifornia",-75%,-77%,-80%,-82%,-76%,-78%,-72%,-72%,-71%,-70%,-68%,-56%,-46%,-30%,-31%,-32%,-26%,-17%,-23%,4%,13%,1%,-2%,3%,-9%,-1%,4%,17%,12%,-4%,9%,2%,-2%,4%,2%,-15%,7%,7%,-9%,-6%,-4%,38%,6%
NFTA,"Buffalo, USUnited StatesNew York",-60%,-67%,-76%,-76%,-77%,-77%,-60%,-59%,-67%,-65%,-64%,-36%,-49%,-23%,-24%,-6%,0%,4%,-2%,8%,-3%,-6%,1%,11%,6%,8%,20%,5%,-11%,2%,-42%,16%,13%,48%,1%,-7%,-21%,-24%,-18%,-18%,-14%,5%,-11%
Niagara Falls Transit,"Niagara, CANCanadaOntario",-78%,-85%,-85%,-82%,-77%,-72%,-72%,-72%,-69%,-68%,-66%,-58%,-45%,-40%,-30%,-16%,-14%,-8%,-2%,7%,1%,9%,-3%,6%,6%,-1%,12%,18%,-22%,-26%,-36%,-18%,-10%,17%,4%,4%,11%,9%,10%,30%,-17%,41%,-9%
Niagara Region Transit,"Niagara, CANCanadaOntario",-85%,-88%,-88%,-87%,-84%,-83%,-82%,-75%,-76%,-72%,-70%,-62%,-48%,-50%,-28%,-13%,-5%,-3%,-5%,-28%,-27%,8%,8%,13%,10%,9%,6%,-9%,7%,2%,-4%,-1%,5%,22%,-27%,-14%,-11%,-11%,-12%,-5%,-85%,-15%,-1%
NICE Bus,"NYC, USUnited StatesNew York",-68%,-69%,-70%,-70%,-67%,-69%,-56%,-58%,-58%,-58%,-55%,-52%,-43%,-26%,-26%,-23%,-20%,-15%,-11%,1%,-5%,-3%,-4%,-3%,-3%,-3%,4%,-1%,-1%,3%,3%,4%,0%,9%,0%,-2%,-8%,-9%,-3%,-2%,-3%,1%,-4%
NJ Transit - Bus,"New Jersey, USUnited StatesNew Jersey",-63%,-65%,-64%,-66%,-63%,-65%,-58%,-58%,-56%,-55%,-51%,-47%,-37%,-26%,-24%,-23%,-16%,-13%,-11%,0%,-1%,-2%,-7%,-3%,-1%,-2%,2%,3%,-1%,-2%,-3%,2%,-3%,9%,5%,3%,-2%,-3%,3%,6%,-2%,2%,-4%
NJ Transit - Rail,"New Jersey, USUnited StatesNew Jersey",-62%,-65%,-65%,-67%,-64%,-66%,-59%,-59%,-53%,-55%,-50%,-47%,-38%,-26%,-24%,-24%,-17%,-15%,-10%,0%,2%,-1%,-6%,-4%,-4%,-2%,0%,4%,1%,-2%,-3%,0%,-3%,5%,10%,4%,-1%,-2%,3%,6%,3%,3%,-4%
NY Waterway,"NYC, USUnited StatesNew York",-68%,-69%,-69%,-65%,-64%,-66%,-67%,-64%,-57%,-57%,-52%,-53%,-51%,-46%,-40%,-35%,-31%,-19%,-11%,-13%,-12%,-5%,-10%,-8%,-6%,-5%,-9%,-8%,-8%,-7%,-3%,-1%,3%,5%,1%,-3%,-5%,-3%,1%,10%,11%,-7%,-13%
Oakville Transit,"Toronto, CANCanadaOntario",-81%,-85%,-84%,-82%,-77%,-75%,-67%,-68%,-75%,-74%,-68%,-63%,-54%,-38%,-34%,-24%,-15%,-6%,-8%,-4%,2%,0%,-2%,-3%,2%,4%,3%,-5%,-6%,-3%,-9%,-5%,5%,23%,9%,5%,-3%,-9%,-1%,15%,-43%,-1%,2%
OC Transpo,"Ottawa, CANCanadaOntario",-78%,-85%,-86%,-86%,-84%,-83%,-70%,-71%,-78%,-77%,-75%,-71%,-61%,-32%,-29%,-20%,-9%,-3%,-2%,-1%,-2%,3%,3%,1%,1%,5%,4%,6%,2%,1%,-9%,3%,3%,15%,2%,-3%,-13%,-11%,13%,1%,-31%,7%,-4%
OCTA,"Los Angeles, USUnited StatesCalifornia",-78%,-75%,-74%,-74%,-69%,-67%,-64%,-64%,-63%,-66%,-59%,-55%,-48%,-36%,-35%,-32%,-25%,-2%,-18%,-5%,-9%,0%,-2%,0%,8%,2%,-4%,-10%,4%,-2%,-1%,10%,0%,6%,-7%,-3%,3%,11%,8%,-2%,-25%,-1%,-1%
Omnitrans,"Los Angeles, USUnited StatesCalifornia",-61%,-62%,-61%,-58%,-56%,-61%,-64%,-60%,-60%,-62%,-57%,-54%,-51%,-45%,-39%,-36%,-25%,-7%,-22%,-5%,-29%,-8%,-2%,-2%,4%,1%,-6%,-19%,0%,-5%,3%,21%,9%,5%,-12%,-14%,-8%,5%,2%,-2%,-24%,-3%,-6%
PAAC,"Pittsburgh, USUnited StatesPennsylvania",-64%,-66%,-65%,-66%,-69%,-71%,-60%,-62%,-64%,-60%,-58%,-52%,-43%,-29%,-25%,-24%,-17%,-12%,-11%,-7%,-1%,-4%,-3%,3%,4%,4%,1%,4%,-1%,-2%,0%,2%,2%,4%,3%,2%,-1%,-2%,0%,2%,-5%,0%,-1%
Pace Bus,"Chicago, USUnited StatesIllinois",-70%,-74%,-74%,-74%,-71%,-70%,-55%,-61%,-64%,-66%,-63%,-58%,-42%,-21%,-25%,-22%,-17%,-10%,-4%,0%,10%,9%,0%,-3%,-2%,-2%,2%,12%,11%,2%,-3%,-4%,-5%,7%,7%,9%,1%,-5%,-3%,-5%,-9%,12%,5%
Pacific Surfliner,"California, USUnited StatesCalifornia",-64%,-62%,-60%,-62%,-54%,-57%,-59%,-52%,-62%,-61%,-56%,-57%,-46%,-27%,-39%,-36%,-18%,-7%,-18%,-9%,3%,8%,1%,5%,16%,6%,-2%,22%,26%,-4%,2%,17%,1%,-10%,-7%,-2%,8%,13%,6%,-6%,-15%,23%,17%
Palm Tran,"Miami, USUnited StatesFlorida",-45%,-40%,-42%,-35%,-28%,-43%,-38%,-40%,-41%,-42%,-36%,-25%,-24%,-5%,-11%,-9%,-6%,-3%,0%,-2%,-7%,1%,-4%,-4%,5%,-4%,-9%,10%,-2%,-9%,-2%,2%,3%,5%,14%,-3%,-4%,-4%,10%,4%,1%,6%,0%
Pasadena Transit,"Los Angeles, USUnited StatesCalifornia",-79%,-80%,-81%,-78%,-80%,-77%,-71%,-73%,-73%,-71%,-70%,-68%,-64%,-48%,-50%,-44%,-32%,-8%,-21%,-10%,-8%,10%,-4%,6%,4%,4%,-3%,-19%,0%,-1%,11%,13%,3%,11%,-23%,-9%,10%,16%,13%,-1%,-28%,-21%,-4%
PATCO,"Philadelphia, USUnited StatesPennsylvania",-57%,-61%,-59%,-63%,-56%,-61%,-55%,-55%,-56%,-60%,-56%,-51%,-43%,-28%,-28%,-26%,-18%,-17%,-6%,-1%,-2%,-12%,-11%,-9%,-7%,-8%,-9%,-4%,-9%,-1%,-7%,4%,-2%,1%,4%,3%,-1%,-5%,8%,-3%,-9%,0%,4%
PATH,"NYC, USUnited StatesNew Jersey, New York",-74%,-72%,-74%,-75%,-72%,-73%,-70%,-70%,-67%,-65%,-61%,-57%,-48%,-37%,-34%,-32%,-26%,-16%,-11%,-2%,-3%,-3%,-4%,-5%,-3%,-4%,-2%,1%,0%,-3%,-2%,0%,-1%,0%,1%,0%,0%,2%,6%,2%,8%,5%,-3%
Pierce Transit,"Seattle, USUnited StatesWashington",-71%,-78%,-77%,-75%,-69%,-71%,-68%,-67%,-69%,-69%,-67%,-63%,-60%,-50%,-47%,-45%,-38%,-32%,-29%,-28%,-32%,-31%,-25%,-21%,-14%,-9%,-12%,-9%,-6%,4%,0%,0%,3%,1%,-12%,-8%,-1%,-1%,5%,9%,-10%,0%,1%
PresidiGo,"SF Bay Area, USUnited StatesCalifornia",-91%,-94%,-93%,-92%,-92%,-91%,-92%,-90%,-93%,-92%,-90%,-86%,-72%,-64%,-68%,-57%,-42%,-39%,-34%,-40%,-30%,-35%,-22%,-18%,-16%,-8%,-17%,-13%,-2%,11%,1%,-3%,3%,-3%,-11%,-7%,7%,-5%,1%,-11%,-8%,6%,4%
PSTA,"Tampa, USUnited StatesFlorida",-42%,-44%,-44%,-44%,-37%,-35%,-22%,-24%,-20%,-26%,-26%,-16%,-13%,-6%,4%,-4%,-2%,-2%,5%,1%,-3%,1%,1%,6%,8%,16%,5%,-6%,-2%,-4%,0%,-5%,5%,1%,-8%,-3%,-1%,1%,8%,6%,-5%,1%,-2%
RATP Bus,"Paris, FRFranceÎle-de-France",-79%,-76%,-74%,-74%,-69%,-69%,-77%,-75%,-71%,-68%,-71%,-59%,-38%,-31%,-25%,-10%,-7%,-4%,-3%,-2%,-10%,-2%,6%,4%,5%,11%,8%,-6%,6%,12%,11%,9%,11%,10%,-2%,-4%,-6%,-3%,-6%,-1%,1%,1%,-6%
RATP Metro,"Paris, FRFranceÎle-de-France",-79%,-73%,-70%,-71%,-68%,-70%,-77%,-76%,-71%,-69%,-71%,-58%,-38%,-33%,-30%,-16%,-13%,-10%,-9%,-10%,-12%,-8%,-3%,-3%,-3%,3%,-3%,-6%,2%,7%,6%,0%,3%,4%,2%,-2%,0%,2%,-1%,4%,4%,4%,-4%
Regina Transit,"Regina, CANCanadaSaskatchewan",-78%,-82%,-82%,-81%,-78%,-74%,-66%,-64%,-70%,-67%,-62%,-51%,-37%,-28%,-25%,-9%,-6%,-14%,-4%,-4%,-4%,-5%,-4%,-3%,-9%,0%,5%,3%,5%,12%,8%,9%,9%,25%,-5%,1%,-17%,-20%,-29%,-23%,-48%,-15%,-3%
RIPTA,"Providence, USUnited StatesRhode Island",-69%,-76%,-78%,-80%,-77%,-76%,-63%,-63%,-69%,-73%,-68%,-66%,-53%,-32%,-33%,-26%,-16%,-23%,-16%,11%,-10%,-3%,-2%,-2%,-7%,-8%,15%,1%,5%,-3%,-1%,-9%,-5%,38%,1%,5%,-4%,-2%,-2%,-14%,-11%,0%,-6%
Riverside Transit Agency,"Los Angeles, USUnited StatesCalifornia",-63%,-67%,-64%,-65%,-61%,-61%,-61%,-57%,-66%,-66%,-62%,-58%,-54%,-44%,-39%,-39%,-28%,-9%,-19%,-7%,-18%,-4%,1%,-2%,12%,3%,-8%,-16%,5%,3%,2%,17%,0%,3%,-10%,-8%,4%,4%,5%,-5%,-27%,10%,-9%
RTC,"Québec, CANCanadaQuebec",-80%,-89%,-90%,-89%,-87%,-85%,-79%,-79%,-83%,-79%,-75%,-67%,-58%,-33%,-24%,-26%,-4%,-1%,3%,4%,0%,5%,-2%,3%,7%,4%,-1%,15%,6%,19%,2%,3%,4%,-6%,3%,1%,-10%,0%,23%,10%,7%,8%,-3%
RTC Southern Nevada,"Las Vegas, USUnited StatesNevada",-64%,-60%,-58%,-58%,-48%,-61%,-61%,-59%,-57%,-55%,-44%,-30%,-24%,-17%,-17%,-16%,-9%,-1%,-9%,-12%,-9%,-8%,-4%,-5%,4%,-1%,-5%,-8%,-6%,-1%,1%,3%,-3%,-1%,-6%,-11%,5%,13%,3%,1%,-5%,-2%,-1%
RTD,"Denver, USUnited StatesColorado",-74%,-79%,-79%,-77%,-74%,-73%,-61%,-63%,-73%,-74%,-59%,-64%,-56%,-32%,-33%,-41%,-25%,-4%,-16%,-15%,-6%,-6%,-10%,-7%,12%,-9%,-5%,5%,0%,-7%,-8%,-6%,-7%,4%,4%,6%,-2%,6%,8%,-2%,-15%,9%,4%
RTL,"Montréal, CANCanadaQuebec",-83%,-90%,-87%,-87%,-83%,-82%,-75%,-74%,-79%,-74%,-72%,-68%,-60%,-37%,-37%,-33%,-10%,-4%,0%,2%,-3%,2%,-3%,-5%,-4%,0%,-2%,10%,5%,7%,-4%,1%,2%,3%,2%,1%,-3%,-8%,14%,4%,8%,14%,6%
Saint-Jean-sur-Richelieu,"Montréal, CANCanadaQuebec",-86%,-92%,-90%,-88%,-85%,-85%,-82%,-80%,-82%,-80%,-76%,-70%,-59%,-48%,-42%,-38%,-12%,-5%,1%,6%,1%,11%,4%,5%,5%,8%,4%,7%,3%,5%,-1%,4%,4%,-2%,-7%,-5%,-1%,0%,19%,2%,4%,10%,-3%
SamTrans,"SF Bay Area, USUnited StatesCalifornia",-83%,-81%,-83%,-83%,-81%,-78%,-76%,-78%,-77%,-80%,-80%,-76%,-58%,-48%,-50%,-41%,-37%,-33%,-29%,-25%,-18%,-18%,-14%,-11%,-5%,-7%,-7%,0%,0%,2%,-3%,1%,0%,-1%,4%,5%,-1%,-9%,0%,-2%,-9%,5%,1%
Santa Clarita Transit,"Los Angeles, USUnited StatesCalifornia",-80%,-78%,-75%,-73%,-73%,-75%,-76%,-75%,-71%,-64%,-62%,-64%,-62%,-51%,-49%,-36%,-22%,-8%,-16%,-16%,-18%,-5%,3%,6%,16%,10%,-11%,-29%,-7%,4%,3%,13%,5%,-2%,-27%,-4%,8%,4%,7%,-1%,-32%,-28%,-7%
Santa Cruz Metro,"Santa Cruz, USUnited StatesCalifornia",-87%,-83%,-83%,-87%,-84%,-83%,-83%,-79%,-81%,-84%,-85%,-81%,-67%,-57%,-44%,-43%,-49%,-47%,-42%,-18%,-22%,-13%,-8%,-10%,-2%,4%,5%,-9%,-6%,3%,3%,10%,14%,3%,-8%,0%,-7%,-4%,-3%,-8%,-25%,-17%,0%
Saskatoon Transit,"Saskatoon, CANCanadaSaskatchewan",-80%,-86%,-87%,-86%,-86%,-82%,-67%,-67%,-76%,-76%,-71%,-64%,-51%,-28%,-30%,-14%,-3%,3%,2%,6%,-12%,-10%,-3%,6%,4%,-2%,4%,-8%,4%,17%,18%,20%,23%,36%,2%,-6%,-37%,-40%,-49%,-48%,-62%,-4%,-9%
Semitan,"Nantes, FRFrancePays-de-la-Loire",-75%,-81%,-80%,-78%,-76%,-79%,-82%,-83%,-85%,-81%,-80%,-73%,-43%,-33%,-21%,-22%,-12%,-12%,-14%,-5%,-4%,-1%,-2%,-1%,-11%,-6%,5%,1%,-7%,-15%,-18%,-17%,-15%,-12%,3%,-1%,-6%,-3%,-3%,0%,6%,9%,13%
SEPTA - Bus,"Philadelphia, USUnited StatesPennsylvania",-61%,-67%,-66%,-68%,-63%,-66%,-48%,-51%,-59%,-60%,-59%,-57%,-48%,-24%,-24%,-28%,-14%,-11%,-12%,-3%,-2%,-6%,-10%,-7%,-5%,-10%,-7%,-4%,-7%,0%,-4%,11%,-7%,4%,0%,-3%,-3%,-5%,11%,-2%,-20%,-2%,-3%
SEPTA - Rail,"Philadelphia, USUnited StatesPennsylvania",-59%,-64%,-64%,-64%,-61%,-62%,-50%,-52%,-59%,-60%,-59%,-57%,-45%,-27%,-23%,-29%,-15%,-12%,-11%,-3%,-3%,-5%,-10%,-7%,-7%,-11%,-8%,-4%,-4%,2%,0%,11%,-5%,-1%,1%,0%,-3%,-3%,11%,-9%,-18%,-1%,-4%
Shore Line East,"Connecticut, USUnited StatesConnecticut, New York",-46%,-69%,-71%,-65%,-60%,-60%,-36%,-52%,-81%,-78%,-76%,-71%,-53%,-12%,-15%,-25%,-1%,11%,7%,11%,-3%,-9%,1%,13%,6%,13%,24%,13%,8%,6%,-2%,-1%,1%,23%,0%,6%,-10%,-9%,0%,-4%,0%,21%,-2%
SMART,"Detroit, USUnited StatesMichigan",-55%,-57%,-59%,-57%,-58%,-49%,-41%,-39%,-46%,-47%,-49%,-56%,-35%,-10%,-11%,-14%,-10%,-6%,-6%,0%,8%,8%,-3%,5%,7%,8%,7%,10%,0%,-3%,-16%,-12%,2%,9%,16%,8%,-5%,-7%,0%,7%,3%,8%,2%
SORTA - Metro,"Cincinnati, USUnited StatesOhio",-59%,-63%,-66%,-67%,-67%,-62%,-45%,-51%,-54%,-58%,-55%,-51%,-44%,-23%,-27%,-16%,-10%,-3%,-2%,1%,1%,3%,-11%,-2%,-1%,4%,-3%,4%,-1%,-3%,-6%,-1%,2%,15%,0%,-6%,-7%,-5%,2%,3%,-19%,10%,-1%
Sound Transit,"Seattle, USUnited StatesWashington",-62%,-77%,-74%,-71%,-68%,-68%,-69%,-68%,-75%,-71%,-59%,-59%,-58%,-44%,-45%,-40%,-32%,-24%,-17%,-23%,-10%,-22%,-15%,-17%,-15%,-8%,-10%,37%,5%,3%,-6%,-1%,-6%,-1%,10%,13%,-1%,-1%,-1%,4%,-9%,13%,19%
St. Albert Transit,"Edmonton, CANCanadaAlberta",-78%,-82%,-81%,-80%,-79%,-74%,-73%,-69%,-66%,-64%,-52%,-47%,-57%,-43%,-37%,-23%,-9%,-6%,-1%,-5%,-12%,-13%,0%,0%,3%,2%,8%,-1%,-11%,2%,4%,6%,19%,19%,-5%,3%,-7%,-6%,-15%,-30%,-47%,0%,-2%
St. Catharines Transit,"Niagara, CANCanadaOntario",-85%,-87%,-87%,-86%,-83%,-81%,-77%,-75%,-76%,-72%,-71%,-64%,-45%,-36%,-34%,-20%,-8%,-7%,-6%,7%,-18%,-1%,0%,4%,3%,2%,12%,11%,5%,5%,3%,3%,6%,36%,-5%,-21%,-23%,-24%,-24%,-5%,-64%,-6%,-6%
STL,"Montréal, CANCanadaQuebec",-81%,-87%,-85%,-84%,-80%,-78%,-70%,-70%,-77%,-72%,-70%,-65%,-55%,-37%,-34%,-35%,-8%,-5%,-5%,1%,4%,7%,-8%,-4%,-2%,0%,-5%,18%,9%,5%,-5%,2%,0%,1%,8%,7%,-4%,-8%,14%,2%,3%,10%,7%
STL Lévis,"Québec, CANCanadaQuebec",-81%,-90%,-91%,-91%,-89%,-86%,-80%,-79%,-83%,-80%,-77%,-70%,-60%,-24%,-20%,-30%,-4%,1%,-2%,6%,5%,9%,-1%,1%,4%,2%,-4%,18%,10%,20%,1%,2%,5%,-4%,5%,2%,-9%,-4%,23%,9%,8%,9%,2%
STM,"Montréal, CANCanadaQuebec",-83%,-87%,-86%,-85%,-80%,-79%,-73%,-73%,-77%,-74%,-71%,-66%,-58%,-39%,-35%,-32%,-9%,-3%,-1%,-1%,-4%,1%,-9%,-8%,-7%,-6%,-7%,12%,7%,5%,1%,2%,0%,1%,5%,3%,-3%,-9%,13%,4%,4%,10%,5%
STO,"Gatineau, CANCanadaQuebec",-79%,-86%,-86%,-86%,-84%,-82%,-70%,-72%,-79%,-77%,-75%,-70%,-59%,-36%,-32%,-23%,-10%,-6%,-5%,-2%,-11%,-4%,-11%,-8%,-8%,-6%,-7%,1%,-3%,5%,-17%,8%,4%,14%,-1%,-6%,-6%,-5%,15%,2%,-3%,6%,-3%
Strathcona County Transit,"Edmonton, CANCanadaAlberta",-94%,-89%,-85%,-82%,-82%,-77%,-76%,-74%,-70%,-68%,-59%,-55%,-62%,-47%,-44%,-26%,-3%,-3%,2%,-3%,-21%,-16%,4%,5%,7%,8%,7%,-18%,-10%,8%,12%,10%,23%,21%,-20%,0%,-3%,-11%,-16%,-34%,-55%,-20%,-8%
STS,"Sherbrooke, CANCanadaQuebec",-87%,-92%,-91%,-90%,-89%,-86%,-75%,-77%,-83%,-81%,-77%,-77%,-66%,-32%,-30%,-14%,-3%,2%,3%,5%,-10%,-19%,-36%,-33%,-39%,-34%,-33%,-11%,-6%,15%,20%,11%,16%,13%,2%,4%,-2%,-7%,2%,-4%,6%,7%,3%
STTR,"Trois-Rivières, CANCanadaQuebec",-65%,-82%,-83%,-82%,-81%,-79%,-68%,-60%,-71%,-71%,-64%,-62%,-55%,-22%,-4%,-8%,9%,15%,7%,12%,7%,20%,-8%,-7%,-10%,-7%,-2%,22%,23%,12%,-38%,15%,5%,12%,13%,11%,-5%,-11%,29%,4%,13%,12%,12%
Suffolk County Transit,"NYC, USUnited StatesNew York",-63%,-61%,-64%,-65%,-58%,-62%,-59%,-61%,-51%,-59%,-44%,-41%,-33%,-28%,-31%,-16%,-12%,-5%,8%,8%,-2%,-3%,-3%,3%,-2%,-3%,14%,10%,11%,2%,-3%,1%,-11%,14%,9%,0%,-3%,-4%,10%,11%,12%,1%,-10%
TANK,"Cincinnati, USUnited StatesKentucky",-73%,-69%,-72%,-71%,-66%,-59%,-59%,-52%,-60%,-59%,-62%,-57%,-45%,-34%,-31%,-31%,-23%,-14%,-13%,-10%,-1%,4%,-13%,-1%,4%,5%,-2%,4%,5%,-6%,-5%,2%,12%,7%,-5%,-10%,-8%,-8%,2%,-6%,-9%,11%,-6%
TARC,"Louisville, USUnited StatesKentucky",-61%,-68%,-64%,-60%,-57%,-46%,-46%,-48%,-32%,-47%,-44%,-37%,-33%,-21%,-31%,-12%,-9%,1%,-4%,-5%,-5%,-6%,-5%,11%,8%,5%,0%,9%,-8%,-1%,1%,4%,5%,-2%,1%,7%,-4%,2%,1%,0%,-1%,6%,-5%
TCAT,"Ithaca, USUnited StatesNew York",-87%,-93%,-92%,-93%,-91%,-92%,-85%,-84%,-85%,-86%,-81%,-73%,-59%,-37%,-31%,-21%,-18%,-21%,-19%,-21%,-14%,8%,8%,-10%,-9%,3%,2%,19%,20%,13%,1%,-14%,-32%,-33%,-21%,-14%,-5%,0%,-6%,5%,11%,13%,21%
The Rapid,"Grand Rapids, USUnited StatesMichigan",-91%,-87%,-86%,-88%,-82%,-75%,-75%,-76%,-73%,-73%,-75%,-68%,-64%,-52%,-45%,-46%,-22%,-11%,-3%,6%,-21%,-12%,-38%,-25%,-26%,-35%,-22%,-17%,-6%,-5%,8%,9%,10%,20%,26%,26%,7%,1%,-4%,-7%,5%,-3%,-3%
The Ride,"Ann Arbor, USUnited StatesMichigan",-94%,-92%,-88%,-92%,-91%,-88%,-83%,-79%,-85%,-83%,-81%,-78%,-76%,-52%,-57%,-49%,-44%,-15%,0%,-4%,4%,-13%,-30%,-32%,-24%,-25%,-24%,5%,7%,4%,7%,16%,7%,7%,28%,19%,6%,-3%,-5%,-2%,-1%,19%,10%
TheBus,"Oahu, USUnited StatesHawaii",-82%,-75%,-79%,-77%,-73%,-63%,-68%,-64%,-58%,-52%,-54%,-49%,-35%,-25%,-19%,-12%,-14%,-8%,3%,5%,-11%,-6%,-2%,-5%,-7%,-4%,-2%,-3%,-13%,-6%,0%,-8%,1%,-8%,10%,2%,10%,1%,-3%,7%,-16%,10%,16%
Thunder Bay Transit,"Thunder Bay, CANCanadaOntario",-69%,-73%,-69%,-71%,-60%,-66%,-45%,-52%,-55%,-62%,-51%,-48%,-35%,-8%,-7%,1%,6%,6%,14%,-1%,-3%,6%,7%,9%,9%,9%,22%,19%,12%,-4%,-3%,-3%,-11%,17%,9%,6%,-8%,-11%,-9%,6%,-29%,-3%,-1%
Torrance Transit,"Los Angeles, USUnited StatesCalifornia",-68%,-70%,-73%,-70%,-69%,-69%,-65%,-66%,-66%,-63%,-57%,-61%,-55%,-37%,-40%,-39%,-31%,-10%,-22%,-12%,-7%,2%,-4%,1%,9%,4%,-5%,2%,13%,1%,1%,8%,2%,5%,-2%,7%,2%,7%,7%,-6%,-28%,-4%,3%
Transit Windsor,"Windsor, CANCanadaOntario",-72%,-76%,-79%,-76%,-73%,-72%,-60%,-60%,-61%,-62%,-59%,-55%,-40%,-20%,-18%,-9%,-9%,-3%,-2%,-1%,8%,10%,-2%,2%,8%,7%,2%,18%,5%,0%,-6%,-4%,1%,11%,20%,5%,-14%,-13%,0%,-1%,-23%,15%,3%
TransLink,"Vancouver, CANCanadaBritish Columbia",-75%,-77%,-76%,-74%,-71%,-70%,-69%,-66%,-62%,-60%,-55%,-45%,-34%,-27%,-25%,-15%,-8%,-8%,-6%,-5%,-11%,-11%,-2%,-3%,5%,-2%,-3%,-6%,-3%,-1%,-1%,3%,3%,6%,-9%,-4%,-3%,-6%,0%,1%,-17%,-5%,-1%
TransLink Brisbane,"Brisbane, AUAustraliaQueensland",-76%,-72%,-74%,-69%,-61%,-57%,-48%,-33%,-36%,-32%,-35%,-23%,-21%,-12%,-19%,-15%,-6%,-8%,1%,8%,-4%,-11%,2%,0%,-8%,-1%,14%,9%,9%,2%,8%,3%,0%,6%,7%,-1%,-1%,-3%,-5%,4%,3%,2%,9%
TriMet,"Portland, USUnited StatesOregon",-69%,-75%,-76%,-78%,-74%,-71%,-61%,-61%,-63%,-65%,-61%,-56%,-48%,-33%,-33%,-28%,-18%,-12%,-12%,-10%,-9%,-6%,-7%,-4%,-3%,-9%,-3%,3%,-5%,-2%,-4%,-2%,-4%,1%,3%,3%,-1%,1%,1%,-6%,-10%,11%,-5%
Tri-Rail,"Miami, USUnited StatesFlorida",-53%,-42%,-37%,-31%,-30%,-40%,-40%,-40%,-41%,-43%,-37%,-27%,-27%,-4%,-10%,-9%,-5%,-3%,-2%,-1%,3%,5%,-2%,7%,11%,5%,-4%,8%,7%,-6%,6%,8%,3%,6%,8%,-3%,-8%,-3%,10%,-2%,-4%,3%,-7%
TTC - Buses & Streetcars,"Toronto, CANCanadaOntario",-74%,-79%,-78%,-76%,-69%,-69%,-63%,-62%,-67%,-64%,-62%,-58%,-48%,-29%,-30%,-25%,-12%,-7%,-7%,-2%,1%,1%,-7%,-4%,-1%,1%,2%,4%,-3%,-9%,-7%,-9%,-2%,16%,11%,8%,-2%,-7%,-4%,17%,-31%,9%,-1%
TTC - Subway,"Toronto, CANCanadaOntario",-81%,-84%,-83%,-82%,-77%,-76%,-70%,-71%,-74%,-70%,-68%,-65%,-52%,-35%,-36%,-31%,-15%,-11%,-10%,-4%,1%,3%,-9%,-1%,-3%,0%,0%,6%,-3%,-9%,-8%,-8%,2%,15%,18%,13%,-4%,-11%,-5%,10%,-21%,11%,0%
U-M Transit,"Ann Arbor, USUnited StatesMichigan",-99%,-96%,-95%,-95%,-94%,-92%,-86%,-87%,-90%,-88%,-88%,-84%,-77%,-62%,-64%,-59%,-52%,-20%,-1%,-8%,-4%,-17%,-35%,-38%,-33%,-30%,-28%,9%,2%,9%,14%,18%,11%,4%,31%,14%,6%,-2%,-12%,-4%,-2%,20%,11%
United States,,-68%,-69%,-70%,-71%,-67%,-69%,-61%,-62%,-61%,-60%,-56%,-54%,-45%,-32%,-31%,-28%,-20%,-13%,-12%,-1%,-6%,-4%,-5%,-3%,-1%,-2%,1%,-1%,-1%,1%,0%,5%,0%,9%,0%,-1%,-5%,-3%,1%,-3%,-9%,-1%,-5%
University of California Berkeley - Bear Transit,"SF Bay Area, USUnited StatesCalifornia",-90%,-96%,-95%,-96%,-95%,-94%,-94%,-92%,-93%,-94%,-93%,-89%,-71%,-52%,-48%,-54%,-50%,-44%,-36%,-23%,-7%,-8%,-3%,-9%,-13%,-8%,-3%,10%,9%,9%,-1%,0%,2%,8%,13%,10%,1%,-5%,-9%,-14%,-23%,-10%,5%
UP Express,"Toronto, CANCanadaOntario",-79%,-83%,-81%,-79%,-74%,-75%,-70%,-74%,-74%,-66%,-65%,-62%,-49%,-37%,-39%,-30%,-17%,-8%,-12%,-6%,1%,-1%,-9%,-3%,-6%,-5%,-3%,4%,-7%,-10%,-10%,-5%,3%,11%,22%,16%,4%,-7%,-4%,7%,-11%,12%,4%
UTA,"Salt Lake City, USUnited StatesUtah",-69%,-79%,-83%,-79%,-69%,-77%,-65%,-65%,-75%,-74%,-66%,-64%,-60%,-45%,-38%,-35%,-31%,-23%,-16%,-18%,-17%,-4%,-12%,-6%,-5%,-2%,2%,-4%,-7%,-8%,0%,-2%,5%,17%,-5%,-8%,0%,-2%,-4%,2%,-24%,-7%,-6%
Valley Metro,"Phoenix, USUnited StatesArizona",-55%,-60%,-56%,-55%,-56%,-51%,-46%,-45%,-47%,-51%,-49%,-35%,-31%,-19%,-10%,-18%,-22%,-23%,-7%,-10%,-4%,2%,4%,8%,2%,0%,3%,8%,8%,-8%,-1%,2%,0%,13%,3%,-11%,8%,1%,-6%,1%,-4%,1%,-1%
VIA,"San Antonio, USUnited StatesTexas",-55%,-51%,-49%,-44%,-41%,-37%,-37%,-44%,-46%,-38%,-27%,-22%,-17%,-18%,-17%,-16%,-14%,-9%,-3%,0%,1%,-5%,-1%,8%,-2%,6%,9%,1%,-2%,-3%,-1%,-1%,7%,15%,-3%,-2%,2%,-8%,-6%,-4%,-2%,6%,6%
Via Mobility Services - Boulder,"Denver, USUnited StatesColorado",-93%,-97%,-95%,-95%,-94%,-94%,-89%,-86%,-91%,-91%,-84%,-83%,-75%,-48%,-48%,-65%,-39%,-18%,-25%,-29%,-18%,-12%,-16%,-12%,13%,-11%,-8%,0%,-4%,-19%,-13%,-9%,-4%,-6%,-1%,5%,-1%,21%,23%,-3%,-5%,1%,5%
VTA,"SF Bay Area, USUnited StatesCalifornia",-76%,-77%,-78%,-81%,-80%,-83%,-73%,-74%,-80%,-83%,-83%,-80%,-69%,-46%,-43%,-40%,-39%,-37%,-30%,-20%,-14%,-14%,-12%,-11%,-7%,-5%,-4%,0%,4%,5%,2%,5%,4%,8%,-1%,7%,-9%,-9%,-7%,-7%,-33%,1%,4%
WEGO Niagara Falls,"Niagara, CANCanadaOntario",-77%,-84%,-84%,-82%,-79%,-75%,-74%,-74%,-70%,-69%,-62%,-56%,-44%,-42%,-31%,-25%,-22%,-15%,-11%,0%,-2%,6%,-10%,-4%,-2%,-9%,4%,19%,-21%,-28%,-35%,-14%,-10%,9%,6%,3%,7%,1%,3%,33%,-3%,46%,-11%
Welland Transit,"Niagara, CANCanadaOntario",-81%,-91%,-93%,-90%,-88%,-87%,-87%,-79%,-84%,-84%,-84%,-77%,-67%,-66%,-30%,-8%,-8%,5%,-9%,11%,-57%,-1%,17%,5%,11%,11%,24%,-39%,-26%,-35%,-51%,-48%,-37%,0%,-37%,6%,33%,29%,37%,40%,-87%,-34%,-17%
West Coast Express,"Vancouver, CANCanadaBritish Columbia",-81%,-86%,-86%,-83%,-81%,-75%,-61%,-71%,-70%,-64%,-56%,-40%,-25%,-56%,-32%,-15%,1%,-9%,-2%,18%,-5%,-23%,-10%,-2%,4%,4%,-1%,-25%,-23%,-1%,3%,5%,18%,20%,-39%,-13%,-2%,0%,5%,-27%,-69%,-28%,2%
West Hollywood - WeHo,"Los Angeles, USUnited StatesCalifornia",-69%,-80%,-82%,-80%,-76%,-78%,-75%,-72%,-76%,-72%,-70%,-64%,-55%,-37%,-31%,-47%,-28%,-7%,-8%,-5%,3%,15%,1%,14%,10%,11%,-1%,-8%,23%,3%,1%,7%,17%,9%,-14%,12%,5%,4%,5%,-25%,-53%,0%,9%
WMATA,"Washington D.C., USUnited StatesDistrict of Columbia",-64%,-65%,-65%,-69%,-59%,-62%,-50%,-50%,-47%,-43%,-34%,-33%,-18%,-26%,-23%,-16%,-13%,-8%,-8%,-4%,-3%,-6%,-2%,-3%,0%,-4%,-2%,1%,-5%,3%,-3%,11%,-6%,1%,0%,-3%,-5%,-5%,8%,-3%,-7%,-1%,-5%
York Region Transit,"Toronto, CANCanadaOntario",-76%,-81%,-78%,-76%,-69%,-67%,-65%,-65%,-69%,-66%,-64%,-61%,-52%,-33%,-31%,-24%,-12%,-6%,-5%,-3%,-2%,3%,-5%,-3%,4%,4%,5%,0%,-2%,-11%,-13%,-5%,1%,22%,8%,8%,-3%,-4%,2%,15%,-40%,4%,-3%
